369,0.01198,-0.00619,0.03852,0.99999,0.00322,-0.00072,0.00066,0.00000,0.00000,0.00000,
369,0.00348,-0.01334,0.04364,1.00000,0.00085,0.00173,-0.00009,0.00000,0.00000,0.00000,
369,0.00520,-0.01246,0.04470,1.00000,0.00144,0.00139,0.00032,0.00000,0.00000,0.00000,
369,0.01046,-0.01290,0.04420,1.00000,0.00134,-0.00039,0.00065,0.00000,0.00000,0.00000,
369,0.00671,-0.01186,0.04372,1.00000,0.00231,0.00056,0.00027,0.00000,0.00000,0.00000,
369,0.00390,-0.01762,0.05061,1.00000,-0.00025,0.00199,-0.00042,0.00000,0.00000,0.00000,
373,-0.54489,-0.04636,0.03989,0.99999,-0.00001,-0.00279,0.00152,0.00000,0.00000,0.00000,
373,-0.54240,-0.05566,0.04530,0.99997,-0.00408,-0.00524,0.00308,0.00000,0.00000,0.00000,
373,-0.56513,-0.04899,0.05015,1.00000,-0.00237,-0.00159,0.00100,0.00000,0.00000,0.00000,
373,-0.56590,-0.06256,0.04699,0.99997,-0.00633,-0.00415,0.00291,0.00000,0.00000,0.00000,
373,-0.57244,-0.06924,0.04324,0.99994,-0.00821,-0.00531,0.00385,0.00000,0.00000,0.00000,
373,-0.58672,-0.06808,0.04826,0.99994,-0.00942,-0.00383,0.00295,0.00000,0.00000,0.00000,
373,-0.58967,-0.06309,0.03349,0.99995,-0.00685,-0.00677,0.00314,0.00000,0.00000,0.00000,
377,-1.14193,-0.04428,-0.12527,0.99992,-0.00986,-0.00568,0.00472,0.00000,0.00000,0.00000,
377,-1.15126,-0.04969,-0.12441,0.99991,-0.01095,-0.00557,0.00509,0.00000,0.00000,0.00000,
377,-1.15974,-0.04813,-0.13039,0.99991,-0.01033,-0.00653,0.00462,0.00000,0.00000,0.00000,
377,-1.17990,-0.04432,-0.12701,0.99994,-0.01017,-0.00416,0.00282,0.00000,0.00000,0.00000,
377,-1.20133,-0.03535,-0.11362,0.99996,-0.00909,-0.00011,0.00156,0.00000,0.00000,0.00000,
377,-1.20950,-0.03439,-0.11639,0.99996,-0.00907,-0.00102,0.00064,0.00000,0.00000,0.00000,
377,-1.22205,-0.04022,-0.10635,0.99994,-0.01085,0.00080,0.00098,0.00000,0.00000,0.00000,
381,-1.77986,-0.05109,-0.35221,0.99904,-0.01952,-0.03613,-0.01538,0.00000,0.00000,0.00000,
381,-1.76990,-0.06777,-0.33708,0.99895,-0.02379,-0.03703,-0.01304,0.00000,0.00000,0.00000,
381,-1.80134,-0.07691,-0.33080,0.99911,-0.02468,-0.03208,-0.01225,0.00000,0.00000,0.00000,
381,-1.81250,-0.07031,-0.35122,0.99904,-0.02344,-0.03408,-0.01443,0.00000,0.00000,0.00000,
382,-1.80222,-0.10156,-0.35623,0.99918,-0.02138,-0.03427,-0.00351,0.00000,0.00000,0.00000,
382,-1.83377,-0.13148,-0.32274,0.99943,-0.02292,-0.02436,0.00405,0.00000,0.00000,0.00000,
382,-1.85779,-0.12251,-0.31596,0.99953,-0.02238,-0.02104,0.00186,0.00000,0.00000,0.00000,
385,-2.26325,-0.32175,-0.62629,0.99803,-0.04727,-0.03593,0.02042,0.00000,0.00000,0.00000,
386,-2.35958,-0.28070,-0.59250,0.99882,-0.04050,-0.02049,0.01724,0.00000,0.00000,0.00000,
386,-2.37556,-0.28861,-0.54750,0.99872,-0.04542,-0.01570,0.01582,0.00000,0.00000,0.00000,
386,-2.13443,-0.31941,-0.34096,0.99729,-0.06327,-0.02237,0.03030,0.00000,0.00000,0.00000,
386,-2.30469,-0.35368,-0.47211,0.99787,-0.05680,-0.01688,0.02744,0.00000,0.00000,0.00000,
386,-2.40351,-0.30905,-0.57952,0.99864,-0.04541,-0.01696,0.01937,0.00000,0.00000,0.00000,
386,-2.39265,-0.30776,-0.58777,0.99858,-0.04537,-0.01976,0.01994,0.00000,0.00000,0.00000,
390,-2.92896,-0.38812,-0.73412,0.99832,-0.05193,-0.00242,0.02570,0.00000,0.00000,0.00000,
390,-3.01082,-0.42203,-0.76728,0.99829,-0.05253,0.00113,0.02544,0.00000,0.00000,0.00000,
390,-3.02824,-0.40711,-0.75065,0.99838,-0.05131,0.00441,0.02419,0.00000,0.00000,0.00000,
390,-2.95046,-0.59707,-0.62811,0.99623,-0.07556,0.00707,0.04198,0.00000,0.00000,0.00000,
390,-3.09856,-0.67603,-0.70230,0.99596,-0.07915,0.01073,0.04103,0.00000,0.00000,0.00000,
390,-3.02543,-0.56237,-0.63493,0.99674,-0.07106,0.01248,0.03615,0.00000,0.00000,0.00000,
390,-3.37674,-0.82595,-0.87817,0.99572,-0.08092,0.02073,0.03954,0.00000,0.00000,0.00000,
394,-5.46453,-0.58735,1.18802,0.99578,-0.07909,0.02271,0.04069,0.00000,0.00000,0.00000,
394,-4.27260,-0.80658,2.51602,0.99554,-0.08602,-0.00867,0.03766,0.00000,0.00000,0.00000,
394,-5.24499,-1.32528,1.43816,0.99406,-0.09926,0.01968,0.03997,0.00000,0.00000,0.00000,
394,-4.14149,-2.18820,0.27590,0.99229,-0.11518,0.02443,0.03873,0.00000,0.00000,0.00000,
394,-3.44138,-3.12745,-1.65091,0.98918,-0.13339,0.04291,0.04340,0.00000,0.00000,0.00000,
394,-5.68360,-3.42302,1.26157,0.97691,-0.19396,0.04286,0.07870,0.00000,0.00000,0.00000,
394,-4.04098,-2.58461,-0.11286,0.97796,-0.18308,0.03852,0.09274,0.00000,0.00000,0.00000,
398,3.93962,-1.99283,3.47371,0.91095,-0.34738,-0.06264,0.21348,0.00000,0.00000,0.00000,
398,1.22530,-1.06382,4.73235,0.89476,-0.37269,-0.05346,0.24009,0.00000,0.00000,0.00000,
398,16.68548,-12.13150,-8.84128,0.72094,-0.57536,0.08029,0.37783,0.00000,0.00000,0.00000,
398,10.95407,-2.02530,17.03374,0.91164,-0.29897,-0.27997,0.03368,0.00000,0.00000,0.00000,
398,14.05163,-2.00453,6.22104,0.96965,-0.14714,-0.15042,0.12448,0.00000,0.00000,0.00000,
398,17.06662,-5.53386,2.37605,0.98413,-0.14149,-0.10328,0.02849,0.00000,0.00000,0.00000,
398,14.03444,-5.69095,7.06669,0.95239,-0.27097,-0.13976,0.00216,0.00000,0.00000,0.00000,
402,14.05896,-2.03375,4.53043,0.96924,-0.22381,-0.10233,0.00295,0.00000,0.00000,0.00000,
402,14.33641,-2.10915,4.46067,0.96924,-0.22025,-0.10984,-0.00101,0.00000,0.00000,0.00000,
402,14.33425,-2.12118,4.43246,0.96923,-0.21982,-0.11075,-0.00108,0.00000,0.00000,0.00000,
402,14.34189,-2.12459,4.44697,0.96878,-0.22140,-0.11154,-0.00061,0.00000,0.00000,0.00000,
402,14.34995,-2.13318,4.43784,0.96851,-0.22194,-0.11283,0.00136,0.00000,0.00000,0.00000,
402,14.36198,-2.15026,4.43773,0.96761,-0.22510,-0.11422,0.00375,0.00000,0.00000,0.00000,
402,14.37220,-2.16219,4.43149,0.96689,-0.22727,-0.11583,0.00774,0.00000,0.00000,0.00000,
406,17.35002,-4.00431,2.46826,0.96834,-0.22381,-0.11023,-0.00908,0.00000,0.00000,0.00000,
406,17.34038,-4.00458,2.42767,0.96843,-0.22298,-0.11107,-0.00955,0.00000,0.00000,0.00000,
406,17.30433,-4.00870,2.37974,0.96874,-0.22168,-0.11093,-0.01035,0.00000,0.00000,0.00000,
406,17.30656,-4.02557,2.36022,0.96858,-0.22205,-0.11154,-0.00997,0.00000,0.00000,0.00000,
406,17.31590,-4.04597,2.34091,0.96828,-0.22271,-0.11288,-0.00934,0.00000,0.00000,0.00000,
406,17.32016,-4.05775,2.32713,0.96807,-0.22302,-0.11414,-0.00890,0.00000,0.00000,0.00000,
406,17.32821,-4.07167,2.31544,0.96781,-0.22355,-0.11532,-0.00834,0.00000,0.00000,0.00000,
410,17.06267,-4.18816,1.86845,0.96937,-0.21957,-0.10962,-0.00949,0.00000,0.00000,0.00000,
410,17.07568,-4.21170,1.84940,0.96900,-0.22050,-0.11107,-0.00878,0.00000,0.00000,0.00000,
410,17.09265,-4.23856,1.82836,0.96854,-0.22159,-0.11300,-0.00783,0.00000,0.00000,0.00000,
410,17.08705,-4.24816,1.80987,0.96852,-0.22134,-0.11361,-0.00784,0.00000,0.00000,0.00000,
410,17.08811,-4.26230,1.79429,0.96838,-0.22168,-0.11424,-0.00753,0.00000,0.00000,0.00000,
410,17.08780,-4.27132,1.78329,0.96827,-0.22195,-0.11463,-0.00725,0.00000,0.00000,0.00000,
410,17.08551,-4.27871,1.77361,0.96820,-0.22222,-0.11475,-0.00704,0.00000,0.00000,0.00000,
414,17.00644,-4.47130,1.32596,0.96941,-0.21956,-0.10925,-0.00997,0.00000,0.00000,0.00000,
414,17.01606,-4.48674,1.30791,0.96923,-0.21992,-0.11016,-0.00960,0.00000,0.00000,0.00000,
414,17.02223,-4.49744,1.29464,0.96909,-0.22018,-0.11091,-0.00930,0.00000,0.00000,0.00000,
414,17.01799,-4.50414,1.28035,0.96910,-0.22031,-0.11052,-0.00928,0.00000,0.00000,0.00000,
414,17.01842,-4.51424,1.26763,0.96903,-0.22061,-0.11057,-0.00907,0.00000,0.00000,0.00000,
414,17.01815,-4.52355,1.25281,0.96901,-0.22069,-0.11061,-0.00900,0.00000,0.00000,0.00000,
414,17.01923,-4.53706,1.23880,0.96888,-0.22123,-0.11070,-0.00863,0.00000,0.00000,0.00000,
418,16.98097,-4.68480,0.80377,0.97008,-0.21931,-0.10354,-0.01162,0.00000,0.00000,0.00000,
418,16.98527,-4.69769,0.78992,0.96996,-0.21973,-0.10380,-0.01131,0.00000,0.00000,0.00000,
418,16.99143,-4.71986,0.76576,0.96978,-0.22023,-0.10444,-0.01089,0.00000,0.00000,0.00000,
418,16.99587,-4.73116,0.74029,0.96973,-0.22012,-0.10513,-0.01071,0.00000,0.00000,0.00000,
418,17.00467,-4.74371,0.72132,0.96963,-0.22014,-0.10601,-0.01047,0.00000,0.00000,0.00000,
418,17.01137,-4.76266,0.69976,0.96946,-0.22056,-0.10679,-0.01002,0.00000,0.00000,0.00000,
418,17.02045,-4.77943,0.67815,0.96930,-0.22079,-0.10779,-0.00964,0.00000,0.00000,0.00000,
422,16.94170,-4.96086,0.22158,0.97027,-0.22008,-0.10020,-0.01050,0.00000,0.00000,0.00000,
422,16.93043,-4.95083,0.23154,0.97043,-0.21992,-0.09888,-0.01097,0.00000,0.00000,0.00000,
422,16.91710,-4.94086,0.24566,0.97055,-0.22007,-0.09734,-0.01126,0.00000,0.00000,0.00000,
422,16.88543,-4.91676,0.25650,0.97094,-0.21939,-0.09489,-0.01213,0.00000,0.00000,0.00000,
422,16.86883,-4.90018,0.26947,0.97119,-0.21896,-0.09320,-0.01277,0.00000,0.00000,0.00000,
422,16.85404,-4.88575,0.28295,0.97139,-0.21866,-0.09171,-0.01329,0.00000,0.00000,0.00000,
423,16.84344,-4.87436,0.28868,0.97161,-0.21811,-0.09055,-0.01393,0.00000,0.00000,0.00000,
426,16.85479,-5.04562,-0.11666,0.97249,-0.21716,-0.08279,-0.01598,0.00000,0.00000,0.00000,
426,16.85700,-5.06333,-0.13011,0.97232,-0.21799,-0.08268,-0.01553,0.00000,0.00000,0.00000,
426,16.86746,-5.07345,-0.14334,0.97227,-0.21806,-0.08309,-0.01537,0.00000,0.00000,0.00000,
426,16.86957,-5.07940,-0.17323,0.97238,-0.21738,-0.08357,-0.01555,0.00000,0.00000,0.00000,
426,16.88226,-5.09606,-0.19604,0.97228,-0.21747,-0.08448,-0.01526,0.00000,0.00000,0.00000,
427,16.89715,-5.11780,-0.22349,0.97217,-0.21764,-0.08538,-0.01498,0.00000,0.00000,0.00000,
427,16.91208,-5.13345,-0.25304,0.97214,-0.21728,-0.08661,-0.01497,0.00000,0.00000,0.00000,
430,16.96007,-5.28427,-0.63724,0.97311,-0.21584,-0.07872,-0.01628,0.00000,0.00000,0.00000,
430,16.96393,-5.28599,-0.65666,0.97317,-0.21549,-0.07892,-0.01636,0.00000,0.00000,0.00000,
430,16.97141,-5.28132,-0.66460,0.97325,-0.21503,-0.07918,-0.01653,0.00000,0.00000,0.00000,
430,16.97598,-5.29356,-0.67218,0.97310,-0.21578,-0.07907,-0.01602,0.00000,0.00000,0.00000,
430,16.97782,-5.29414,-0.67862,0.97312,-0.21573,-0.07897,-0.01606,0.00000,0.00000,0.00000,
431,16.98324,-5.29570,-0.68740,0.97312,-0.21567,-0.07919,-0.01597,0.00000,0.00000,0.00000,
431,16.98563,-5.29502,-0.68996,0.97310,-0.21587,-0.07887,-0.01579,0.00000,0.00000,0.00000,
434,17.19944,-5.52649,-1.16286,0.97374,-0.21320,-0.07799,-0.01690,0.00000,0.00000,0.00000,
434,17.19734,-5.52685,-1.16787,0.97378,-0.21316,-0.07756,-0.01702,0.00000,0.00000,0.00000,
434,17.18404,-5.52505,-1.17504,0.97387,-0.21325,-0.07625,-0.01716,0.00000,0.00000,0.00000,
434,17.17840,-5.52271,-1.17960,0.97397,-0.21314,-0.07519,-0.01743,0.00000,0.00000,0.00000,
434,17.14804,-5.51019,-1.17937,0.97420,-0.21276,-0.07309,-0.01821,0.00000,0.00000,0.00000,
435,17.12213,-5.49833,-1.18447,0.97442,-0.21239,-0.07100,-0.01871,0.00000,0.00000,0.00000,
435,17.08832,-5.48878,-1.19167,0.97471,-0.21188,-0.06830,-0.01964,0.00000,0.00000,0.00000,
438,17.32467,-5.67215,-1.61008,0.97497,-0.21169,-0.06478,-0.02067,0.00000,0.00000,0.00000,
438,17.32106,-5.67933,-1.63103,0.97506,-0.21160,-0.06363,-0.02110,0.00000,0.00000,0.00000,
438,17.30575,-5.67321,-1.62539,0.97514,-0.21153,-0.06236,-0.02148,0.00000,0.00000,0.00000,
438,17.30427,-5.67751,-1.63819,0.97518,-0.21171,-0.06102,-0.02166,0.00000,0.00000,0.00000,
438,17.28528,-5.67404,-1.64035,0.97541,-0.21123,-0.05884,-0.02243,0.00000,0.00000,0.00000,
438,17.26796,-5.66906,-1.64344,0.97557,-0.21094,-0.05698,-0.02303,0.00000,0.00000,0.00000,
439,17.24348,-5.65931,-1.64290,0.97573,-0.21060,-0.05518,-0.02365,0.00000,0.00000,0.00000,
442,17.42183,-5.82997,-2.02442,0.97616,-0.20981,-0.05028,-0.02368,0.00000,0.00000,0.00000,
442,17.42868,-5.82666,-2.03456,0.97624,-0.20934,-0.05064,-0.02378,0.00000,0.00000,0.00000,
442,17.43444,-5.82425,-2.04052,0.97629,-0.20901,-0.05109,-0.02382,0.00000,0.00000,0.00000,
442,17.44149,-5.82584,-2.04163,0.97623,-0.20931,-0.05105,-0.02339,0.00000,0.00000,0.00000,
442,17.43148,-5.81868,-2.02923,0.97619,-0.20951,-0.05121,-0.02313,0.00000,0.00000,0.00000,
442,17.43506,-5.82018,-2.03924,0.97623,-0.20939,-0.05097,-0.02301,0.00000,0.00000,0.00000,
442,17.44281,-5.82792,-2.04979,0.97621,-0.20951,-0.05076,-0.02314,0.00000,0.00000,0.00000,
446,17.77728,-6.01297,-2.41840,0.97656,-0.20846,-0.04797,-0.02415,0.00000,0.00000,0.00000,
446,17.78660,-6.02132,-2.43445,0.97654,-0.20868,-0.04737,-0.02388,0.00000,0.00000,0.00000,
446,17.76873,-6.01498,-2.44406,0.97670,-0.20827,-0.04576,-0.02435,0.00000,0.00000,0.00000,
446,17.74063,-6.00281,-2.42906,0.97671,-0.20845,-0.04432,-0.02493,0.00000,0.00000,0.00000,
446,17.71238,-5.98885,-2.42845,0.97686,-0.20802,-0.04263,-0.02546,0.00000,0.00000,0.00000,
446,17.75440,-6.01041,-2.45762,0.97676,-0.20827,-0.04391,-0.02520,0.00000,0.00000,0.00000,
446,17.77942,-6.02322,-2.47990,0.97677,-0.20811,-0.04462,-0.02488,0.00000,0.00000,0.00000,
449,18.06015,-6.17497,-2.80364,0.97682,-0.20851,-0.04013,-0.02697,0.00000,0.00000,0.00000,
449,18.06299,-6.18463,-2.80640,0.97675,-0.20901,-0.03907,-0.02721,0.00000,0.00000,0.00000,
449,18.11776,-6.21549,-2.83514,0.97655,-0.20969,-0.04074,-0.02695,0.00000,0.00000,0.00000,
449,18.11238,-6.21192,-2.84220,0.97662,-0.20946,-0.03995,-0.02716,0.00000,0.00000,0.00000,
449,18.21147,-6.25216,-2.87933,0.97638,-0.20997,-0.04391,-0.02596,0.00000,0.00000,0.00000,
449,18.17168,-6.23147,-2.86584,0.97655,-0.20953,-0.04195,-0.02628,0.00000,0.00000,0.00000,
449,18.16763,-6.22186,-2.87097,0.97672,-0.20887,-0.04140,-0.02599,0.00000,0.00000,0.00000,
452,18.49404,-6.34474,-3.14112,0.97688,-0.20869,-0.03805,-0.02639,0.00000,0.00000,0.00000,
452,18.50637,-6.34843,-3.14848,0.97691,-0.20856,-0.03812,-0.02636,0.00000,0.00000,0.00000,
452,18.53354,-6.35758,-3.16246,0.97689,-0.20854,-0.03902,-0.02603,0.00000,0.00000,0.00000,
452,18.55700,-6.36556,-3.17052,0.97683,-0.20872,-0.03973,-0.02591,0.00000,0.00000,0.00000,
452,18.60653,-6.38633,-3.19002,0.97671,-0.20904,-0.04112,-0.02562,0.00000,0.00000,0.00000,
453,18.58714,-6.37938,-3.18244,0.97672,-0.20907,-0.04028,-0.02616,0.00000,0.00000,0.00000,
453,18.63162,-6.40139,-3.20488,0.97659,-0.20939,-0.04185,-0.02587,0.00000,0.00000,0.00000,
456,19.07155,-6.58391,-3.50189,0.97659,-0.20985,-0.04037,-0.02454,0.00000,0.00000,0.00000,
456,19.05618,-6.58037,-3.49902,0.97661,-0.20993,-0.03911,-0.02500,0.00000,0.00000,0.00000,
456,19.00770,-6.56137,-3.49823,0.97684,-0.20922,-0.03663,-0.02573,0.00000,0.00000,0.00000,
456,18.95119,-6.53782,-3.49220,0.97715,-0.20824,-0.03349,-0.02627,0.00000,0.00000,0.00000,
456,18.98085,-6.55204,-3.49110,0.97699,-0.20876,-0.03463,-0.02666,0.00000,0.00000,0.00000,
456,19.02148,-6.56501,-3.49251,0.97684,-0.20921,-0.03616,-0.02668,0.00000,0.00000,0.00000,
456,19.00859,-6.55886,-3.49587,0.97693,-0.20887,-0.03527,-0.02708,0.00000,0.00000,0.00000,
459,19.43494,-6.69082,-3.72782,0.97704,-0.20880,-0.03123,-0.02853,0.00000,0.00000,0.00000,
459,19.46166,-6.70143,-3.74195,0.97697,-0.20907,-0.03151,-0.02861,0.00000,0.00000,0.00000,
459,19.45464,-6.69731,-3.75131,0.97706,-0.20871,-0.03078,-0.02897,0.00000,0.00000,0.00000,
459,19.48125,-6.70490,-3.75440,0.97699,-0.20894,-0.03129,-0.02907,0.00000,0.00000,0.00000,
459,19.79035,-6.78193,-3.79914,0.97637,-0.21026,-0.04273,-0.02578,0.00000,0.00000,0.00000,
459,19.50357,-6.72145,-3.75749,0.97679,-0.20974,-0.03141,-0.02995,0.00000,0.00000,0.00000,
459,19.42146,-6.69932,-3.74436,0.97693,-0.20946,-0.02770,-0.03104,0.00000,0.00000,0.00000,
462,20.05671,-6.85873,-3.91251,0.97651,-0.21094,-0.03276,-0.02937,0.00000,0.00000,0.00000,
462,20.05151,-6.84797,-3.92109,0.97669,-0.21022,-0.03211,-0.02911,0.00000,0.00000,0.00000,
462,20.01418,-6.84027,-3.92284,0.97681,-0.20985,-0.03030,-0.02962,0.00000,0.00000,0.00000,
462,19.92739,-6.82352,-3.91419,0.97694,-0.20956,-0.02676,-0.03079,0.00000,0.00000,0.00000,
462,19.89974,-6.82272,-3.90937,0.97700,-0.20942,-0.02539,-0.03128,0.00000,0.00000,0.00000,
462,19.88850,-6.83253,-3.90771,0.97691,-0.20986,-0.02445,-0.03184,0.00000,0.00000,0.00000,
463,19.88245,-6.80722,-3.90575,0.97719,-0.20866,-0.02340,-0.03175,0.00000,0.00000,0.00000,
465,21.00809,-7.00495,-4.06422,0.97637,-0.20956,-0.04731,-0.02338,0.00000,0.00000,0.00000,
466,20.96945,-6.99515,-4.05810,0.97643,-0.20956,-0.04556,-0.02420,0.00000,0.00000,0.00000,
466,20.94508,-6.98878,-4.05792,0.97646,-0.20967,-0.04423,-0.02481,0.00000,0.00000,0.00000,
466,21.10632,-7.00554,-4.06346,0.97621,-0.20987,-0.04938,-0.02284,0.00000,0.00000,0.00000,
466,21.06020,-7.00660,-4.05766,0.97622,-0.21016,-0.04743,-0.02394,0.00000,0.00000,0.00000,
466,21.08848,-7.01101,-4.06015,0.97614,-0.21041,-0.04809,-0.02391,0.00000,0.00000,0.00000,
466,21.05015,-7.00181,-4.05798,0.97623,-0.21026,-0.04655,-0.02444,0.00000,0.00000,0.00000,
469,21.49957,-7.04113,-4.12745,0.97665,-0.20877,-0.04354,-0.02585,0.00000,0.00000,0.00000,
469,21.38551,-7.02776,-4.13052,0.97687,-0.20846,-0.03903,-0.02733,0.00000,0.00000,0.00000,
469,21.28195,-7.01241,-4.13444,0.97711,-0.20793,-0.03492,-0.02840,0.00000,0.00000,0.00000,
469,21.30084,-7.02916,-4.14143,0.97700,-0.20847,-0.03467,-0.02864,0.00000,0.00000,0.00000,
469,21.21017,-7.01459,-4.13851,0.97719,-0.20798,-0.03105,-0.02956,0.00000,0.00000,0.00000,
469,21.19235,-7.02270,-4.14214,0.97715,-0.20826,-0.02995,-0.03018,0.00000,0.00000,0.00000,
469,21.15743,-7.01941,-4.14820,0.97726,-0.20791,-0.02833,-0.03047,0.00000,0.00000,0.00000,
472,21.91080,-7.09433,-4.15374,0.97705,-0.20833,-0.03504,-0.02716,0.00000,0.00000,0.00000,
472,21.85608,-7.10021,-4.15110,0.97703,-0.20875,-0.03215,-0.02833,0.00000,0.00000,0.00000,
472,21.78796,-7.10039,-4.16092,0.97713,-0.20860,-0.02908,-0.02932,0.00000,0.00000,0.00000,
472,21.68670,-7.08635,-4.16539,0.97735,-0.20798,-0.02491,-0.03022,0.00000,0.00000,0.00000,
472,21.62849,-7.08235,-4.16787,0.97742,-0.20785,-0.02212,-0.03103,0.00000,0.00000,0.00000,
472,21.58274,-7.08102,-4.17725,0.97750,-0.20762,-0.01991,-0.03163,0.00000,0.00000,0.00000,
473,21.54811,-7.08054,-4.18287,0.97754,-0.20750,-0.01825,-0.03212,0.00000,0.00000,0.00000,
476,22.37869,-7.15014,-4.11714,0.97712,-0.20905,-0.02758,-0.02775,0.00000,0.00000,0.00000,
476,22.37442,-7.13248,-4.10469,0.97724,-0.20861,-0.02679,-0.02785,0.00000,0.00000,0.00000,
476,22.37872,-7.13210,-4.11894,0.97732,-0.20825,-0.02657,-0.02788,0.00000,0.00000,0.00000,
476,22.45790,-7.13609,-4.08141,0.97716,-0.20880,-0.02863,-0.02733,0.00000,0.00000,0.00000,
476,22.50374,-7.12938,-4.07393,0.97718,-0.20860,-0.02953,-0.02703,0.00000,0.00000,0.00000,
476,22.46496,-7.13669,-4.09644,0.97723,-0.20849,-0.02846,-0.02740,0.00000,0.00000,0.00000,
476,22.48692,-7.14035,-4.09966,0.97721,-0.20856,-0.02865,-0.02725,0.00000,0.00000,0.00000,
479,23.35056,-7.10399,-3.94312,0.97722,-0.20729,-0.03637,-0.02733,0.00000,0.00000,0.00000,
479,23.34037,-7.08412,-3.93499,0.97737,-0.20674,-0.03538,-0.02760,0.00000,0.00000,0.00000,
479,23.32011,-7.07498,-3.93882,0.97748,-0.20640,-0.03414,-0.02774,0.00000,0.00000,0.00000,
480,23.29465,-7.08097,-3.93769,0.97748,-0.20659,-0.03260,-0.02803,0.00000,0.00000,0.00000,
480,23.29468,-7.09554,-3.93320,0.97737,-0.20720,-0.03206,-0.02805,0.00000,0.00000,0.00000,
480,23.28435,-7.10484,-3.93592,0.97732,-0.20756,-0.03119,-0.02808,0.00000,0.00000,0.00000,
480,23.27258,-7.10700,-3.93305,0.97732,-0.20773,-0.03006,-0.02828,0.00000,0.00000,0.00000,
483,24.04680,-7.00850,-3.67758,0.97725,-0.20740,-0.03640,-0.02533,0.00000,0.00000,0.00000,
483,24.13623,-7.00092,-3.66287,0.97718,-0.20719,-0.03987,-0.02443,0.00000,0.00000,0.00000,
483,24.25400,-6.98907,-3.64332,0.97712,-0.20678,-0.04407,-0.02327,0.00000,0.00000,0.00000,
483,24.36557,-6.98437,-3.61955,0.97691,-0.20697,-0.04818,-0.02193,0.00000,0.00000,0.00000,
483,24.45944,-6.97914,-3.60132,0.97679,-0.20683,-0.05154,-0.02107,0.00000,0.00000,0.00000,
483,24.50434,-6.98697,-3.59166,0.97663,-0.20723,-0.05315,-0.02048,0.00000,0.00000,0.00000,
483,24.53994,-6.99393,-3.59177,0.97656,-0.20729,-0.05440,-0.02001,0.00000,0.00000,0.00000,
486,25.22303,-6.91456,-3.27101,0.97611,-0.20784,-0.05919,-0.02244,0.00000,0.00000,0.00000,
486,25.19762,-6.95533,-3.29325,0.97590,-0.20907,-0.05838,-0.02234,0.00000,0.00000,0.00000,
487,25.21693,-6.96991,-3.30085,0.97578,-0.20945,-0.05941,-0.02157,0.00000,0.00000,0.00000,
487,25.26049,-6.97735,-3.29731,0.97563,-0.20965,-0.06133,-0.02096,0.00000,0.00000,0.00000,
487,25.30679,-6.98136,-3.28821,0.97542,-0.21006,-0.06340,-0.02026,0.00000,0.00000,0.00000,
490,25.67495,-6.85719,-3.00533,0.97558,-0.21044,-0.05898,-0.02177,0.00000,0.00000,0.00000,
490,25.71359,-6.85706,-2.98841,0.97546,-0.21074,-0.06008,-0.02123,0.00000,0.00000,0.00000,
490,25.71729,-6.85062,-2.97990,0.97562,-0.21014,-0.05965,-0.02134,0.00000,0.00000,0.00000,
490,25.80192,-6.84092,-2.94441,0.97538,-0.21038,-0.06292,-0.02012,0.00000,0.00000,0.00000,
493,25.92622,-6.74262,-2.69376,0.97622,-0.20981,-0.04916,-0.02372,0.00000,0.00000,0.00000,
493,25.96353,-6.73122,-2.67280,0.97625,-0.20945,-0.05022,-0.02326,0.00000,0.00000,0.00000,
494,26.00827,-6.71202,-2.64449,0.97627,-0.20905,-0.05163,-0.02295,0.00000,0.00000,0.00000,
494,25.99015,-6.70992,-2.64929,0.97641,-0.20878,-0.05001,-0.02324,0.00000,0.00000,0.00000,
494,26.03813,-6.69144,-2.61792,0.97635,-0.20870,-0.05153,-0.02288,0.00000,0.00000,0.00000,
494,26.09148,-6.67449,-2.57927,0.97624,-0.20885,-0.05333,-0.02236,0.00000,0.00000,0.00000,
494,26.12065,-6.66190,-2.55215,0.97622,-0.20882,-0.05390,-0.02221,0.00000,0.00000,0.00000,
497,26.53460,-6.48143,-2.06045,0.97627,-0.20793,-0.05665,-0.02122,0.00000,0.00000,0.00000,
497,26.55148,-6.47417,-2.03881,0.97620,-0.20824,-0.05679,-0.02126,0.00000,0.00000,0.00000,
497,26.60522,-6.45470,-1.99066,0.97601,-0.20859,-0.05888,-0.02063,0.00000,0.00000,0.00000,
497,26.70352,-6.41781,-1.94455,0.97597,-0.20759,-0.06337,-0.01953,0.00000,0.00000,0.00000,
497,26.72565,-6.41207,-1.92804,0.97587,-0.20781,-0.06425,-0.01924,0.00000,0.00000,0.00000,
497,26.78475,-6.38813,-1.89164,0.97578,-0.20743,-0.06687,-0.01857,0.00000,0.00000,0.00000,
500,26.98164,-6.25945,-1.49124,0.97583,-0.20863,-0.06175,-0.02035,0.00000,0.00000,0.00000,
500,26.96779,-6.26065,-1.49449,0.97595,-0.20839,-0.06056,-0.02080,0.00000,0.00000,0.00000,
500,26.97080,-6.25659,-1.48482,0.97600,-0.20817,-0.06044,-0.02097,0.00000,0.00000,0.00000,
500,26.96939,-6.25335,-1.47780,0.97605,-0.20804,-0.06007,-0.02108,0.00000,0.00000,0.00000,
500,26.96232,-6.25164,-1.47718,0.97616,-0.20770,-0.05929,-0.02153,0.00000,0.00000,0.00000,
500,26.93946,-6.26124,-1.46938,0.97603,-0.20872,-0.05762,-0.02187,0.00000,0.00000,0.00000,
503,27.19618,-6.04467,-0.98897,0.97586,-0.20958,-0.05682,-0.02325,0.00000,0.00000,0.00000,
503,27.29635,-6.02155,-0.93338,0.97541,-0.21029,-0.06309,-0.01911,0.00000,0.00000,0.00000,
503,27.26478,-6.01873,-0.94070,0.97566,-0.20969,-0.06064,-0.02090,0.00000,0.00000,0.00000,
504,27.31131,-6.00493,-0.91240,0.97538,-0.21012,-0.06407,-0.01960,0.00000,0.00000,0.00000,
504,27.32610,-5.99682,-0.90493,0.97540,-0.20967,-0.06523,-0.01940,0.00000,0.00000,0.00000,
504,27.32601,-5.99880,-0.89308,0.97537,-0.21014,-0.06453,-0.01821,0.00000,0.00000,0.00000,
504,27.33240,-5.99290,-0.88017,0.97538,-0.21014,-0.06450,-0.01775,0.00000,0.00000,0.00000,
507,27.43514,-5.79411,-0.46509,0.97547,-0.21114,-0.05914,-0.01948,0.00000,0.00000,0.00000,
507,27.43758,-5.79115,-0.45771,0.97552,-0.21103,-0.05869,-0.01945,0.00000,0.00000,0.00000,
507,27.47114,-5.76239,-0.43967,0.97573,-0.20931,-0.06102,-0.02024,0.00000,0.00000,0.00000,
507,27.47988,-5.74902,-0.42228,0.97586,-0.20891,-0.06039,-0.02034,0.00000,0.00000,0.00000,
507,27.52713,-5.71898,-0.39970,0.97593,-0.20732,-0.06452,-0.02054,0.00000,0.00000,0.00000,
507,27.53732,-5.70842,-0.38826,0.97598,-0.20683,-0.06502,-0.02140,0.00000,0.00000,0.00000,
510,27.76233,-5.47638,0.19980,0.97572,-0.20657,-0.07195,-0.01138,0.00000,0.00000,0.00000,
510,27.60740,-5.50735,0.14806,0.97620,-0.20649,-0.06290,-0.02095,0.00000,0.00000,0.00000,
510,27.60738,-5.50377,0.15675,0.97619,-0.20652,-0.06284,-0.02115,0.00000,0.00000,0.00000,
510,27.59548,-5.50501,0.16171,0.97620,-0.20668,-0.06193,-0.02171,0.00000,0.00000,0.00000,
510,27.64675,-5.47480,0.19261,0.97615,-0.20593,-0.06567,-0.02016,0.00000,0.00000,0.00000,
513,27.64405,-5.30460,0.66560,0.97575,-0.20886,-0.06203,-0.02102,0.00000,0.00000,0.00000,
513,27.64397,-5.30649,0.67091,0.97571,-0.20904,-0.06194,-0.02145,0.00000,0.00000,0.00000,
514,27.64437,-5.29424,0.68558,0.97575,-0.20889,-0.06180,-0.02123,0.00000,0.00000,0.00000,
514,27.64513,-5.28137,0.70205,0.97578,-0.20877,-0.06187,-0.02102,0.00000,0.00000,0.00000,
514,27.64655,-5.27504,0.71347,0.97576,-0.20896,-0.06167,-0.02069,0.00000,0.00000,0.00000,
517,27.56754,-5.16367,1.10169,0.97635,-0.20845,-0.05260,-0.02285,0.00000,0.00000,0.00000,
517,27.55614,-5.17546,1.09993,0.97624,-0.20908,-0.05173,-0.02370,0.00000,0.00000,0.00000,
517,27.54689,-5.17668,1.09080,0.97635,-0.20884,-0.05054,-0.02388,0.00000,0.00000,0.00000,
517,27.53145,-5.19183,1.06773,0.97643,-0.20895,-0.04819,-0.02468,0.00000,0.00000,0.00000,
517,27.51400,-5.20966,1.04966,0.97639,-0.20946,-0.04616,-0.02567,0.00000,0.00000,0.00000,
520,27.41963,-5.02216,1.52567,0.97636,-0.21045,-0.04148,-0.02679,0.00000,0.00000,0.00000,
520,27.40940,-5.01580,1.53276,0.97642,-0.21029,-0.04072,-0.02675,0.00000,0.00000,0.00000,
520,27.40258,-5.00508,1.53726,0.97658,-0.20970,-0.04027,-0.02632,0.00000,0.00000,0.00000,
520,27.39751,-4.99520,1.54277,0.97669,-0.20933,-0.03972,-0.02614,0.00000,0.00000,0.00000,
520,27.38641,-4.98506,1.55773,0.97674,-0.20918,-0.03927,-0.02612,0.00000,0.00000,0.00000,
523,27.24261,-4.81285,2.01663,0.97657,-0.21053,-0.03335,-0.02977,0.00000,0.00000,0.00000,
523,27.22943,-4.82678,1.99962,0.97661,-0.21054,-0.03155,-0.03016,0.00000,0.00000,0.00000,
524,27.21396,-4.83651,1.99418,0.97658,-0.21079,-0.03007,-0.03077,0.00000,0.00000,0.00000,
524,27.20213,-4.84497,1.98625,0.97661,-0.21083,-0.02845,-0.03120,0.00000,0.00000,0.00000,
524,27.18575,-4.84631,1.98564,0.97665,-0.21078,-0.02712,-0.03156,0.00000,0.00000,0.00000,
524,27.17384,-4.85605,1.97913,0.97662,-0.21101,-0.02592,-0.03197,0.00000,0.00000,0.00000,
527,26.90191,-4.65947,2.38333,0.97616,-0.21356,-0.01701,-0.03498,0.00000,0.00000,0.00000,
527,26.89993,-4.65471,2.38383,0.97623,-0.21323,-0.01688,-0.03486,0.00000,0.00000,0.00000,
527,26.89571,-4.64101,2.39462,0.97632,-0.21285,-0.01699,-0.03467,0.00000,0.00000,0.00000,
527,26.89686,-4.62687,2.40705,0.97641,-0.21245,-0.01751,-0.03445,0.00000,0.00000,0.00000,
527,26.89207,-4.62103,2.42177,0.97631,-0.21286,-0.01771,-0.03471,0.00000,0.00000,0.00000,
527,26.89113,-4.60963,2.43647,0.97632,-0.21279,-0.01823,-0.03457,0.00000,0.00000,0.00000,
530,26.59293,-4.42722,2.85927,0.97636,-0.21310,-0.01421,-0.03330,0.00000,0.00000,0.00000,
530,26.60885,-4.39089,2.89521,0.97654,-0.21229,-0.01698,-0.03191,0.00000,0.00000,0.00000,
530,26.62252,-4.35679,2.92747,0.97673,-0.21138,-0.01959,-0.03050,0.00000,0.00000,0.00000,
530,26.62874,-4.33793,2.95204,0.97674,-0.21128,-0.02109,-0.02987,0.00000,0.00000,0.00000,
530,26.62706,-4.33126,2.96350,0.97671,-0.21136,-0.02191,-0.02972,0.00000,0.00000,0.00000,
531,26.62645,-4.32077,2.98000,0.97669,-0.21137,-0.02293,-0.02949,0.00000,0.00000,0.00000,
534,26.39091,-4.18677,3.39260,0.97648,-0.21196,-0.01685,-0.03565,0.00000,0.00000,0.00000,
534,26.38165,-4.18517,3.40051,0.97644,-0.21217,-0.01630,-0.03598,0.00000,0.00000,0.00000,
534,26.37892,-4.17920,3.40960,0.97646,-0.21207,-0.01666,-0.03578,0.00000,0.00000,0.00000,
534,26.37830,-4.16046,3.42592,0.97665,-0.21123,-0.01671,-0.03541,0.00000,0.00000,0.00000,
534,26.37403,-4.16684,3.42732,0.97647,-0.21200,-0.01735,-0.03548,0.00000,0.00000,0.00000,
537,26.00058,-4.01794,3.80681,0.97536,-0.21683,-0.01082,-0.03937,0.00000,0.00000,0.00000,
537,25.99676,-4.00550,3.81936,0.97544,-0.21653,-0.01121,-0.03882,0.00000,0.00000,0.00000,
537,25.99799,-3.98832,3.83137,0.97575,-0.21526,-0.01150,-0.03803,0.00000,0.00000,0.00000,
537,26.00466,-3.96928,3.84713,0.97585,-0.21478,-0.01325,-0.03747,0.00000,0.00000,0.00000,
537,26.01434,-3.94835,3.86278,0.97615,-0.21359,-0.01507,-0.03592,0.00000,0.00000,0.00000,
537,26.01512,-3.93716,3.87741,0.97618,-0.21345,-0.01576,-0.03565,0.00000,0.00000,0.00000,
537,26.00874,-3.93545,3.88809,0.97597,-0.21442,-0.01609,-0.03538,0.00000,0.00000,0.00000,
540,25.56481,-3.75933,4.25676,0.97591,-0.21458,-0.00907,-0.03836,0.00000,0.00000,0.00000,
540,25.55026,-3.75870,4.26543,0.97576,-0.21518,-0.00871,-0.03904,0.00000,0.00000,0.00000,
540,25.54541,-3.75598,4.27128,0.97584,-0.21485,-0.00887,-0.03874,0.00000,0.00000,0.00000,
541,25.53559,-3.75220,4.27504,0.97586,-0.21461,-0.00913,-0.03942,0.00000,0.00000,0.00000,
541,25.53055,-3.75080,4.28260,0.97570,-0.21540,-0.00885,-0.03922,0.00000,0.00000,0.00000,
541,25.52879,-3.74468,4.28943,0.97575,-0.21519,-0.00948,-0.03892,0.00000,0.00000,0.00000,
544,25.19846,-3.51637,4.45107,0.97828,-0.20519,-0.00295,-0.02926,0.00000,0.00000,0.00000,
544,25.12099,-3.57498,4.53699,0.97605,-0.21441,-0.00318,-0.03674,0.00000,0.00000,0.00000,
544,25.08135,-3.61298,4.57417,0.97476,-0.21943,-0.00241,-0.04109,0.00000,0.00000,0.00000,
544,25.03080,-3.68769,4.63307,0.97240,-0.22822,-0.00203,-0.04850,0.00000,0.00000,0.00000,
544,25.10604,-3.58718,4.48332,0.97652,-0.21230,0.00257,-0.03662,0.00000,0.00000,0.00000,
548,24.55487,-3.49416,4.90210,0.97309,-0.22495,0.00508,-0.04961,0.00000,0.00000,0.00000,
548,24.55646,-3.50494,4.89449,0.97293,-0.22553,0.00567,-0.05015,0.00000,0.00000,0.00000,
548,24.57263,-3.53421,4.89355,0.97231,-0.22783,0.00532,-0.05174,0.00000,0.00000,0.00000,
548,25.09296,-3.70762,4.50472,0.97681,-0.21113,0.00134,-0.03559,0.00000,0.00000,0.00000,
549,24.67731,-3.52712,4.77646,0.97486,-0.21832,0.00629,-0.04419,0.00000,0.00000,0.00000,
552,24.05545,-3.11859,5.06964,0.97881,-0.20348,0.00552,-0.02217,0.00000,0.00000,0.00000,
553,24.10172,-3.16432,5.03188,0.97862,-0.20435,0.00517,-0.02296,0.00000,0.00000,0.00000,
553,24.11528,-3.17525,5.02476,0.97834,-0.20579,0.00548,-0.02159,0.00000,0.00000,0.00000,
553,24.07175,-3.20021,5.06817,0.97690,-0.21193,0.00579,-0.02680,0.00000,0.00000,0.00000,
553,24.07516,-3.19489,5.15033,0.97573,-0.21710,-0.00485,-0.02814,0.00000,0.00000,0.00000,
553,24.06042,-3.17551,5.06573,0.97803,-0.20684,0.00413,-0.02566,0.00000,0.00000,0.00000,
556,23.58443,-2.94935,5.20337,0.98216,-0.18764,0.01136,-0.00452,0.00000,0.00000,0.00000,
557,23.52354,-3.00592,5.25604,0.97946,-0.20052,0.01458,-0.01524,0.00000,0.00000,0.00000,
557,23.50809,-3.01217,5.29960,0.97885,-0.20339,0.00884,-0.02002,0.00000,0.00000,0.00000,
557,23.47892,-3.02719,5.29443,0.97867,-0.20366,0.01438,-0.02276,0.00000,0.00000,0.00000,
557,23.30333,-3.09307,5.24144,0.97630,-0.20682,0.04588,-0.04416,0.00000,0.00000,0.00000,
561,22.91027,-2.89665,5.39944,0.97969,-0.19829,0.02313,0.01867,0.00000,0.00000,0.00000,
561,22.89571,-2.89908,5.39504,0.97978,-0.19780,0.02439,0.01744,0.00000,0.00000,0.00000,
561,22.92056,-2.91435,5.41149,0.98043,-0.19652,0.00992,0.00630,0.00000,0.00000,0.00000,
561,22.87694,-2.93437,5.39162,0.97457,-0.11296,-0.08825,-0.17224,0.00000,0.00000,0.00000,
561,22.90792,-2.91931,5.40582,0.95732,-0.07206,-0.14353,-0.24029,0.00000,0.00000,0.00000,
565,22.64160,-2.67696,5.41463,0.96769,-0.08068,-0.17277,-0.16501,0.00000,0.00000,0.00000,
565,22.63432,-2.66878,5.41214,0.96793,-0.07945,-0.17205,-0.16492,0.00000,0.00000,0.00000,
565,22.63594,-2.65945,5.40653,0.96756,-0.07704,-0.17522,-0.16490,0.00000,0.00000,0.00000,
565,22.63011,-2.65343,5.40706,0.96787,-0.07736,-0.17554,-0.16260,0.00000,0.00000,0.00000,
569,22.43868,-2.58021,5.31900,0.96327,-0.10237,-0.24026,-0.06253,0.00000,0.00000,0.00000,
569,22.64849,-2.66506,5.41439,0.94566,-0.12629,-0.29852,-0.02593,0.00000,0.00000,0.00000,
569,22.64464,-2.64392,5.40604,0.94638,-0.12121,-0.29812,-0.02809,0.00000,0.00000,0.00000,
569,22.51607,-2.64749,5.38902,0.94820,-0.12984,-0.28218,-0.06661,0.00000,0.00000,0.00000,
569,22.54664,-2.64723,5.38521,0.94705,-0.12690,-0.28869,-0.06046,0.00000,0.00000,0.00000,
569,22.54849,-2.62331,5.35324,0.95390,-0.11345,-0.27390,-0.04679,0.00000,0.00000,0.00000,
